"iso3","mpa_sqkm","tpa_sqkm"
"1",210.615785585581,12674.6579640144
"2",603.976258410092,82294.7718574219
"3",135.928944049499,27.2755742487995
